RDicon_aerodynamics-advanced,Squad/PartList/SimpleIcons/R&D_node_icon_advaerodynamics
RDicon_aerodynamics-experimental,Squad/PartList/SimpleIcons/R&D_node_icon_experimentalaerodynamics
RDicon_aerodynamics-heavy,Squad/PartList/SimpleIcons/R&D_node_icon_heavyaerodynamics
RDicon_aerodynamicSystems,Squad/PartList/SimpleIcons/R&D_node_icon_aerodynamicsystems
RDicon_aerospaceTech,Squad/PartList/SimpleIcons/R&D_node_icon_aerospacetech
RDicon_aerospaceTech2,Squad/PartList/SimpleIcons/RDicon_aerospaceTech2
RDicon_automation,Squad/PartList/SimpleIcons/R&D_node_icon_automation
RDicon_commandmodules,Squad/PartList/SimpleIcons/RDicon_commandmodules
RDicon_composites,Squad/PartList/SimpleIcons/R&D_node_icon_composites
RDicon_construction-advanced,Squad/PartList/SimpleIcons/R&D_node_icon_advconstruction
RDicon_construction-general,Squad/PartList/SimpleIcons/R&D_node_icon_generalconstruction
RDicon_construction-specialized,Squad/PartList/SimpleIcons/R&D_node_icon_specializedconstruction
RDicon_control-flight,Squad/PartList/SimpleIcons/R&D_node_icon_flightcontrol
RDicon_control-flight-advanced,Squad/PartList/SimpleIcons/R&D_node_icon_advflightcontrol
RDicon_control-large,Squad/PartList/SimpleIcons/R&D_node_icon_largecontrol
RDicon_electrics,Squad/PartList/SimpleIcons/R&D_node_icon_electrics
RDicon_electrics-advanced,Squad/PartList/SimpleIcons/R&D_node_icon_advelectrics
RDicon_electrics-experimental,Squad/PartList/SimpleIcons/R&D_node_icon_experimentalelectrics
RDicon_electrics-large,Squad/PartList/SimpleIcons/R&D_node_icon_largeelectrics
RDicon_electrics-specialized,Squad/PartList/SimpleIcons/R&D_node_icon_specializedelectrics
RDicon_electronics,Squad/PartList/SimpleIcons/R&D_node_icon_electronics
RDicon_emgineering101,Squad/PartList/SimpleIcons/R&D_node_icon_generic
RDicon_engineering-precision,Squad/PartList/SimpleIcons/R&D_node_icon_precisionengineering
RDicon_evaTech,Squad/PartList/SimpleIcons/R&D_node_icon_evatech
RDicon_exploration-advanced,Squad/PartList/SimpleIcons/R&D_node_icon_advexploration
RDicon_flight-highAltitude,Squad/PartList/SimpleIcons/R&D_node_icon_highaltitudeflight
RDicon_flight-hypersonic,Squad/PartList/SimpleIcons/R&D_node_icon_hypersonicflight
RDicon_flight-supersonic,Squad/PartList/SimpleIcons/R&D_node_icon_supersonicflight
RDicon_fuelSystems,Squad/PartList/SimpleIcons/R&D_node_icon_fuelsystems
RDicon_fuelSystems-advanced,Squad/PartList/SimpleIcons/RDicon_fuelSystems-advanced
RDicon_fuelSystems-highPerformance,Squad/PartList/SimpleIcons/RDicon_fuelSystems-highPerformance
RDicon_generic,Squad/PartList/SimpleIcons/R&D_node_icon_generic
RDicon_landing,Squad/PartList/SimpleIcons/R&D_node_icon_landing
RDicon_landing-advanced,Squad/PartList/SimpleIcons/R&D_node_icon_advlanding
RDicon_largeVolumeContainment,Squad/PartList/SimpleIcons/RDicon_largeVolumeContainment
RDicon_metalworks-advanced,Squad/PartList/SimpleIcons/R&D_node_icon_advmetalworks
RDicon_metamaterials,Squad/PartList/SimpleIcons/R&D_node_icon_metamaterials
RDicon_miniaturization,Squad/PartList/SimpleIcons/RDicon_miniaturization
RDicon_motors-advanced,Squad/PartList/SimpleIcons/R&D_node_icon_advancedmotors
RDicon_motors-experimental,Squad/PartList/SimpleIcons/R&D_node_icon_experimentalmotors
RDicon_probes-large,Squad/PartList/SimpleIcons/R&D_node_icon_largeprobes
RDicon_propulsion-ion,Squad/PartList/SimpleIcons/R&D_node_icon_ionpropulsion
RDicon_propulsion-nuclear,Squad/PartList/SimpleIcons/R&D_node_icon_nuclearpropulsion
RDicon_propulsion-precision,Squad/PartList/SimpleIcons/RDicon_propulsion-precision
RDicon_propulsionSystems,Squad/PartList/SimpleIcons/RDicon_propulsionSystems
RDicon_robotics,Squad/PartList/SimpleIcons/R&D_node_icon_robotics
RDicon_rocketry-advanced,Squad/PartList/SimpleIcons/R&D_node_icon_advrocketry
RDicon_rocketry-basic,Squad/PartList/SimpleIcons/R&D_node_icon_basicrocketry
RDicon_rocketry-general,Squad/PartList/SimpleIcons/R&D_node_icon_generalrocketry
RDicon_rocketry-heavier,Squad/PartList/SimpleIcons/R&D_node_icon_heavierrocketry
RDicon_rocketry-heavy,Squad/PartList/SimpleIcons/R&D_node_icon_heavyrocketry
RDicon_rocketry-veryHeavy,Squad/PartList/SimpleIcons/R&D_node_icon_veryheavyrocketry
RDicon_science-experimental,Squad/PartList/SimpleIcons/R&D_node_icon_experimentalscience
RDicon_science-field,Squad/PartList/SimpleIcons/R&D_node_icon_fieldscience
RDicon_scienceTech,Squad/PartList/SimpleIcons/R&D_node_icon_sciencetech
RDicon_scienceTech-advanced,Squad/PartList/SimpleIcons/R&D_node_icon_advsciencetech
RDicon_stability,Squad/PartList/SimpleIcons/R&D_node_icon_stability
RDicon_start,Squad/PartList/SimpleIcons/R&D_node_icon_start
RDicon_survivability,Squad/PartList/SimpleIcons/R&D_node_icon_survivability
RDicon_telescope,Squad/PartList/SimpleIcons/RDicon_telescope
RDicon_unmanned-advanced,Squad/PartList/SimpleIcons/R&D_node_icon_advunmanned
RDicon_unmannedTech,Squad/PartList/SimpleIcons/R&D_node_icon_unmannedtech